username,pin,Balance
firm1234,123456,5220.000000
Kittiphong,999999,300.000000
Zhengiskan,121212,16877.000000