username,pin,Balance
firm1234,123456,5020.000000
Kittiphong,777888,500
Zhengiskan,121212,16877.000000