username,pin,Balance
firm1234,123456,20
Kittiphong,777888,500
Zhengiskan,121212,77777
Bitchinspace,123456,1000
babywoowoo,778787,1000.000000
Kekiodedd12,121212,500.000000
