username,pin,Balance
firm1234,123456,20
Kittiphong,777888,500
Zhengiskan,121212,7777.000000Bitchinspace,123456,1000
babywoowoo,778787,71000.000000Kekiodedd12,121212,500.000000