username,pin,Balance
firm1234,111222,5220.000000
Kittiphong,555555,300.000000
Zhengiskan,121212,16877.000000