Zhengiskan,121212,96877.000000username,pin,Balance
firm1234,123456,5020.000000
Kittiphong,777888,500
